{"stats":{"minecraft:custom":{"minecraft:time_since_rest":35511,"minecraft:sprint_one_cm":1876,"minecraft:play_time":35511,"minecraft:damage_taken":200,"minecraft:walk_one_cm":5729,"minecraft:mob_kills":1,"minecraft:jump":47,"minecraft:damage_dealt":111,"minecraft:leave_game":2,"minecraft:time_since_death":35511,"minecraft:total_world_time":35511,"minecraft:interact_with_crafting_table":2,"minecraft:fall_one_cm":536,"minecraft:fly_one_cm":749},"minecraft:picked_up":{"minecraft:crafting_table":1,"minecraft:arrow":1,"minecraft:oak_log":6,"minecraft:oak_sapling":1,"minecraft:dirt":16,"minecraft:cobblestone":16},"minecraft:used":{"minecraft:stone_axe":1,"minecraft:dirt":14,"minecraft:crafting_table":1,"minecraft:wooden_pickaxe":23,"minecraft:cooked_beef":2},"minecraft:killed":{"minecraft:skeleton":1},"minecraft:crafted":{"minecraft:stone_sword":1,"minecraft:furnace":1,"minecraft:oak_planks":24,"minecraft:stone_axe":1,"minecraft:crafting_table":1,"minecraft:stick":8,"minecraft:stone_pickaxe":1,"minecraft:wooden_pickaxe":1},"minecraft:mined":{"minecraft:grass_block":6,"minecraft:oak_log":6,"minecraft:dirt":10,"minecraft:stone":16,"minecraft:crafting_table":1,"minecraft:oak_leaves":1}},"DataVersion":3465}